tissue,Adipose_Subcutaneous,Adipose_Visceral_Omentum,Adrenal_Gland,Artery_Aorta,Artery_Coronary,Artery_Tibial,Bladder,Brain_Amygdala,Brain_Anterior_cingulate_cortex_BA24,Brain_Caudate_basal_ganglia,Brain_Cerebellar_Hemisphere,Brain_Cerebellum,Brain_Cortex,Brain_Frontal_Cortex_BA9,Brain_Hippocampus,Brain_Hypothalamus,Brain_Nucleus_accumbens_basal_ganglia,Brain_Putamen_basal_ganglia,Brain_Spinal_cord_cervical_c-1,Brain_Substantia_nigra,Breast_Mammary_Tissue,Cells_EBV-transformed_lymphocytes,Cells_Transformed_fibroblasts,Cervix_Ectocervix,Cervix_Endocervix,Colon_Sigmoid,Colon_Transverse,Esophagus_Gastroesophageal_Junction,Esophagus_Mucosa,Esophagus_Muscularis,Fallopian_Tube,Heart_Atrial_Appendage,Heart_Left_Ventricle,Kidney_Cortex,Liver,Lung,Minor_Salivary_Gland,Muscle_Skeletal,Nerve_Tibial,Ovary,Pancreas,Pituitary,Prostate,Skin_Not_Sun_Exposed_Suprapubic,Skin_Sun_Exposed_Lower_leg,Small_Intestine_Terminal_Ileum,Spleen,Stomach,Testis,Thyroid,Uterus,Vagina,Whole_Blood
Adipose_Subcutaneous,0.0,0.04643593917108986,0.019494294786624174,0.029027593538804262,0.040036802030659326,3.911103043187625e-08,0.059775057374871016,0.004530956028324033,0.005479111608645531,0.0049678493851291585,0.010199730580948857,0.010674136625472291,0.006982849959563399,1.5336257762391557e-08,0.004749941979297694,0.007023249651313523,0.004915044321114405,0.005236463275903632,0.011577274633770005,0.006568741015980607,0.04766296128204227,0.015189228007614556,0.03791326639905904,0.04514629055127561,0.03916825522253923,2.7257522615035164e-08,0.022817365043450735,0.018949771860944473,0.016684068369811764,2.6455996012333912e-08,0.046654840546524946,0.015011973907716898,0.011274643648163192,0.01636733644099869,0.013133298422267126,0.02819889916840622,0.015649808415928942,0.011379124520400942,0.02696324650069397,0.05291456994047368,0.012772750498945553,0.020922194822979263,0.06665410424470271,0.018070378805771222,0.021475255184514732,0.019332890623214485,1.7599788064171865e-08,0.01884274256333301,0.0237798719118061,0.07783552137253208,0.02681306257372322,0.031332574817160105,0.015854624233946946
Adipose_Visceral_Omentum,0.044631356492745376,0.0,0.02204301171876848,0.01763585591960536,0.02154699558563325,2.5816253820104538e-08,0.04126818426407298,0.0046153071141447856,0.005548449232026129,0.005052765932750197,0.010064952184714487,0.010519130219909831,0.007024015983231015,1.5365209971129173e-08,0.004839395510494304,0.007122379974686181,0.00498529478537657,0.005340457105024396,0.011771343551757601,0.006696254218119785,0.09158061821614835,0.017090354771049823,0.04055757550065156,0.043728431109945,0.026064658206171504,2.094721211317676e-08,0.03276350654815422,0.014307807920965419,0.020855183380961154,2.112130961206538e-08,0.031155970512379283,0.015880755875843564,0.011859433832271546,0.01873185186247547,0.014393532909614362,0.03377569671330945,0.020496794077489666,0.01194890643073753,0.01747025564024214,0.0292147895166213,0.013826989543605936,0.021121238696981164,0.11687208333613598,0.02517254079945433,0.031310569746149895,0.027079936610360542,2.2918146387007895e-08,0.023500161459623085,0.023984162182976925,0.03729286033977152,0.016405813965958582,0.04238792840017565,0.016999275191730688
Adrenal_Gland,0.0109420866839281,0.012872938677088094,0.0,0.008280525473434256,0.009298175830517728,1.470490378654148e-08,0.008450272385955348,0.006791160138160297,0.008164052039505699,0.007610099738121402,0.015264884276940218,0.0161576616338542,0.010581577256625379,2.280273812696444e-08,0.007191599583790397,0.011111598708715366,0.0074531039136694665,0.00783657147246521,0.02086881574436379,0.010440026096625397,0.010843299502261908,0.024766604013466555,0.02328964755270877,0.009704360740449678,0.010644069077566973,1.506340529301924e-08,0.028991324325742838,0.010036767911239412,0.016912942699842674,1.6007018596237332e-08,0.010134297512290617,0.04093542788979339,0.019389782622629456,0.04477105151593386,0.0215056653949904,0.013731874426160607,0.016125680918025614,0.021468849289004673,0.00922208543075736,0.013432896924641448,0.020960978649651314,0.04391794720502578,0.012513871489265384,0.015282808402428908,0.01546675053272875,0.021267759988004665,1.6573580081222037e-08,0.042064797070839315,0.03699009030933123,0.008604019989299024,0.00804340772092425,0.012961972834706018,0.020506754835266414
Artery_Aorta,0.029405985584779797,0.018588116932363737,0.014944795697390852,0.0,0.1236992138053453,7.946200339477304e-08,0.021109349820156116,0.004223413947617258,0.005132347625821967,0.004621782064964784,0.009657840668229913,0.010082959130869212,0.006550857599057342,1.4462423815825112e-08,0.004420871743368803,0.006516154202650578,0.004587550026332631,0.004877675184850203,0.010523623209448562,0.006071366508004436,0.0194133221771077,0.012796750834652952,0.021302324646168838,0.022444179219334906,0.06265168092733606,2.3389344427161285e-08,0.015121917732060688,0.016608868791083774,0.01294959324167488,2.1705677851443258e-08,0.03765447134811155,0.012823128134628914,0.010089883631339518,0.013152665971097396,0.011360237399245958,0.02145071563257102,0.011622830809628608,0.010104182732122213,0.10100387614322937,0.036839394929365034,0.011181528179127537,0.01688535943235319,0.020523197962500943,0.012819117656567475,0.014732070939649788,0.01346188676359565,1.3182104833576137e-08,0.01395206351584891,0.017964113431085033,0.02432091129574852,0.1762358384873643,0.020547047375606753,0.014288652858467048
Artery_Coronary,0.0386796267829033,0.02165827002504491,0.016003980994505132,0.11796824729345222,0.0,7.492964324185018e-08,0.025532209520880998,0.0043209659996836704,0.005248099432122873,0.004733270257219139,0.009892501630533025,0.010339571689726471,0.006704462981511527,1.478666933185739e-08,0.00452523673789577,0.006683884395998796,0.004695445167566274,0.004990304005860536,0.010865829405152462,0.00622937523602302,0.022614046013391922,0.01332059160594934,0.02446000826841057,0.025925357820806707,0.06079700486636285,2.6168548389354208e-08,0.016484391901879506,0.01860204305892482,0.013643157771453038,2.4257287999777994e-08,0.04282232431605719,0.013419384229281128,0.010406794634894736,0.01387009294294293,0.011769558199581167,0.022678160934138505,0.012355689529141867,0.01045297393344324,0.06853591712879432,0.047297902050545404,0.011561025213563893,0.018100105109715534,0.024616735391965437,0.01373137656931442,0.015866512495266945,0.014503269845859808,1.3980345572048493e-08,0.014928589522898406,0.019590266029790384,0.030349912776815733,0.09715907737351694,0.022347110312375067,0.014645142492892718
Artery_Tibial,0.023474284978686744,0.016121315736132492,0.01572398713533801,0.047079074634692214,0.046550450139118606,0.9999987282176318,0.01575430437834274,0.004468918846707246,0.005462817430757699,0.0049125368478407025,0.010651405824502979,0.01116260759946466,0.007046092626579891,1.5594425017244122e-08,0.004682914926344676,0.006978081815002897,0.004885185536858133,0.005153264142445444,0.011400317163328198,0.00646616567243249,0.01577376589139186,0.012742394449286206,0.02224443851036318,0.016762808029649297,0.03167774293078164,3.1678847983722905e-08,0.01457306480247586,0.02295974066145918,0.012046175215799634,2.8207420784262387e-08,0.023584674836970798,0.013707527205929928,0.010508054979777722,0.013387210820445973,0.01145517692130903,0.017572777323534627,0.010828560507236263,0.010624370999160384,0.09258868157436179,0.04213472329073529,0.011356921628170634,0.01909425467686897,0.01790617136543987,0.01168471238447763,0.013178704306061327,0.012678656121723341,1.2146045696522638e-08,0.013842070586267099,0.020275077616719112,0.017655210490142337,0.060460582930718404,0.01671679777400889,0.014218743852217336
Bladder,0.07165521761991284,0.05147037419554617,0.018047036802165933,0.0249791679408669,0.031680594518170804,3.146544912936698e-08,0.0,0.004345611201861665,0.005235456325378835,0.004747932617135877,0.00952134867100692,0.009934505134317227,0.006623843008870469,1.4532177871210418e-08,0.004551277987092087,0.006673467429412316,0.004692956773321736,0.005027547650289031,0.01087250300862928,0.0062637302495217,0.08229167029614558,0.015182756020176961,0.029549421793210878,0.12103695473090575,0.04276016193122514,2.0610797834689818e-08,0.022845925704831998,0.014265202141535283,0.01793288766066757,2.019001430035452e-08,0.06749093025818591,0.014080764353010717,0.010895965707586027,0.01590058171187759,0.0130029155803117,0.036391903021192384,0.01678435459314898,0.01089997302398492,0.02273353895129753,0.03269722923832056,0.012578103139883673,0.018296189441725,0.05560605537529914,0.020017405903975587,0.0245796424790685,0.020302767621152077,1.9170651195278484e-08,0.01856000906156708,0.02018805003826973,0.18755107556241446,0.022287808709550057,0.044062477102228256,0.015916110738783244
Brain_Amygdala,0.004026991199600949,0.004267814998619481,0.0107533104099585,0.0037053546005490563,0.00397510667410954,6.617595032385973e-09,0.0032219135487017315,0.0,0.07129513859388692,0.07287575345221126,0.019677840272085523,0.018678685341063806,0.0334394454594793,6.43881710476004e-08,0.21472782205693416,0.038991965764936756,0.05902606764921116,0.2630773457295895,0.025711860562518424,0.05036494995445088,0.003908064708263242,0.01417118292934842,0.0062197233283844055,0.0037883409005094143,0.004772751500873679,5.451100257664615e-09,0.007004291861296349,0.0036925487334538965,0.0070115824329681385,5.55379053275555e-09,0.004270459207063795,0.01790152455186928,0.032592089592714826,0.012942521289225876,0.016336462967139486,0.005913969772887047,0.00594117102271299,0.02898777165464618,0.004229680476845711,0.005002011953847118,0.0190286311740963,0.009916814544827754,0.004176985257245587,0.005523924600474563,0.005622829007144987,0.006463900037433182,6.432372586871545e-09,0.009118596790366378,0.008232792933664083,0.0033094498516166105,0.003594854362477364,0.005157850665778873,0.018767649210037707
Brain_Anterior_cingulate_cortex_BA24,0.0041650132301191,0.004388256469889372,0.011056543544577397,0.0038512135054917587,0.004129385216208326,6.918784602886309e-09,0.00331996084384252,0.06097830143293262,0.0,0.09621471704978916,0.023736251019279647,0.022133605209021308,0.05297060838598135,9.779956889025778e-08,0.07076413675624339,0.05485584513978646,0.15831415418715794,0.056270430792120164,0.02913056133565795,0.059536142267071615,0.0040168124471843284,0.013720384066944005,0.006449790607117459,0.003895664601660574,0.004933882581056815,5.720505980961121e-09,0.007125199857968145,0.003874544902403076,0.007025817031641825,5.828159379391155e-09,0.00440387621433792,0.01852364557218234,0.028578859895965564,0.012884047390560422,0.015476402786084696,0.006027793586210306,0.0059749695834331795,0.027464300916453528,0.0044091161896534035,0.005210959817929355,0.017733419393332076,0.010446171016944878,0.004306808668728212,0.005584496845182836,0.0057020268512656316,0.006536181117666233,6.472540301015878e-09,0.009196132454307934,0.008620934037273258,0.003414436104259061,0.003741695856626942,0.005270062145019316,0.017836154547763078
Brain_Caudate_basal_ganglia,0.004281419436492256,0.0045306726323798546,0.011684686979989563,0.00393191492131873,0.004222384355281513,7.053944889567363e-09,0.0034134699580789054,0.07066617437286371,0.1090823849355711,0.0,0.023613239923289127,0.02223040450956056,0.04903785829538069,8.716777993295107e-08,0.10537141330288936,0.06667759915056956,0.17291185918265367,0.06456266875468379,0.032058560065735674,0.10164825951175831,0.004139498998849,0.014596497062982314,0.006673713153789418,0.004005692867800774,0.005044344283827728,5.869204474109641e-09,0.007439827897327991,0.003973358063618858,0.007311931613442185,5.986897812035888e-09,0.004514286501361551,0.020169544559847374,0.03317357033551405,0.013793798999824903,0.016616040763305657,0.006203536915656924,0.006224841242378519,0.032246001024476945,0.004494976414648971,0.0053462476501211185,0.01918685393248704,0.010879890669043697,0.004441767311903195,0.005800867563901537,0.005911292484251601,0.006818374750776609,6.730144836632276e-09,0.009689777290759054,0.008952304490886876,0.003508379532902342,0.003818988707157418,0.005429940536743558,0.018616067635950532
Brain_Cerebellar_Hemisphere,0.005586797257748523,0.005735880225440238,0.014896186647396389,0.005221911900060924,0.0056086384783162815,9.720487102962116e-09,0.004350556995395967,0.012127207512222208,0.01710330730042988,0.015007571977480207,0.0,0.24641345815289456,0.03129561936803919,7.489682308163071e-08,0.013082648473303557,0.02661343274735353,0.01563877736715281,0.013497209298303482,0.04729865223313533,0.02083849624992962,0.005213277452056132,0.013753450064664588,0.008948488140540415,0.005040804478246156,0.006486676303752405,8.432620839754836e-09,0.008929799763403938,0.0056977830299939055,0.008057146424641181,8.621064805244291e-09,0.005748236366817331,0.02474426001855539,0.020243935941625633,0.014664401530698834,0.014300165813610983,0.0074088066183003905,0.007000244219368666,0.022744965389875645,0.006067153613696099,0.007294097799699384,0.015488357549132059,0.016328849295229646,0.005713457614488714,0.006695342347185067,0.006927561289779095,0.007907158232052095,7.578154795642704e-09,0.011105075940921343,0.0128683639665658,0.004502059127996507,0.005117288651606465,0.006593117343070744,0.016136313146957626
Brain_Cerebellum,0.005828078888241977,0.005975670505268929,0.015717322033294547,0.005434454593588928,0.005843490183020531,1.0154655820297593e-08,0.004524921874550059,0.011474879600664248,0.015897856970631286,0.014083826743125812,0.2456308307212079,0.0,0.027850047362462677,6.523755813852222e-08,0.012364942574422227,0.02462958007413347,0.014559699533654687,0.01281587271301946,0.048355276737154916,0.019648444799762514,0.005421453600198538,0.014002003675149517,0.009410535440872322,0.005234449338269076,0.006729622081829324,8.906061550282516e-09,0.009292676540646954,0.0060136572446092855,0.0082829961209134,9.116883603069678e-09,0.005966429947683786,0.026106722863503552,0.020094465018453238,0.015161792862040169,0.014459666242235818,0.007647463682998255,0.007217251606752619,0.022778981251603173,0.006320564675880366,0.007645659431256711,0.015592969992770982,0.01756137301317446,0.005961146989577344,0.00691537351409031,0.0071617829833926965,0.008188178415844601,7.807443702779066e-09,0.011531250149060002,0.013711754014970759,0.004684780756335252,0.005330590553937329,0.0068237012070744285,0.01620755277714735
Brain_Cortex,0.004613441986872874,0.004828274928503345,0.012455183735861434,0.004272339982590677,0.004584937882735213,7.756174777932133e-09,0.003650686723394344,0.024857679664595483,0.04603849054908642,0.03759278421459921,0.03774867336284535,0.03369966836671244,0.0,3.9749937805844244e-07,0.027997468526122078,0.08847510133156963,0.04446973026538283,0.02622849454223686,0.04169798985048543,0.05071092029687813,0.004406663231712054,0.013916067651239868,0.007238093846350041,0.004266590083939756,0.005422877965816516,6.516235979906741e-09,0.007770069852180574,0.004409663193706672,0.007419642990103452,6.648514232752215e-09,0.004832399883488813,0.021565958499774704,0.026060197834964615,0.013788183069746836,0.015255013857755954,0.006493800908417437,0.006360064293570568,0.02784713222815769,0.004911828359976412,0.0058447433937707455,0.017131068827649688,0.012203782409259546,0.004759236170562463,0.005984837040440119,0.006133794858675387,0.007039103730987438,6.882764194786876e-09,0.009950193111771798,0.009912954117458005,0.0037611978002447225,0.004161543532752821,0.005712645258835991,0.01723980612922505
Brain_Frontal_Cortex_BA9,0.0046023838490447146,0.00479751215848319,0.012191518878009934,0.004284299420307123,0.004593152917072263,7.79721823376234e-09,0.0036380304095686277,0.021740958835493394,0.03860949665315669,0.030352891324488346,0.04103482854896309,0.03585654747115601,0.18055417609270918,0.9999979939643601,0.02398458889528481,0.059478479605274755,0.03519998476469813,0.02320248679975008,0.03887504647832697,0.03919843913306276,0.004382853045031068,0.01344752504439833,0.007196823888351791,0.004249409562845359,0.005425639295202367,6.532938896762457e-09,0.007651298204328197,0.00442213217047297,0.007297552354412073,6.660448426701514e-09,0.004824742898582885,0.020641725464509292,0.023955232250564683,0.013324435227484875,0.014629920425355186,0.0064501477421716885,0.006256530545304943,0.025387394381392602,0.004933720084306094,0.005848388998638563,0.016335778207456665,0.012121140770718979,0.0047350773671451934,0.005903525470453016,0.006061156816821862,0.006927089474765933,6.778706765628193e-09,0.009728939179845865,0.00985456987898187,0.003750708704019008,0.00417556809836807,0.005674162730824188,0.016756494235177718
Brain_Hippocampus,0.0041159456011898,0.004363013790527729,0.011102331693596194,0.0037815037047329485,0.0040588194363909294,6.760899420477571e-09,0.0032899315819920685,0.20935281632464364,0.08066558660766494,0.10594605030615677,0.02069677997227166,0.01962369389793307,0.03672042789025712,6.925484517582318e-08,0.0,0.044952635509933024,0.07415807872307618,0.13929057280684287,0.02762515680553801,0.06198281367208544,0.003991653709355288,0.014433805632471626,0.006379444880725403,0.003866214929044176,0.0048662725370345475,5.589730632463653e-09,0.007173689946072857,0.003785565096290622,0.007140667942460164,5.697877221177985e-09,0.004355984532703182,0.018745045664602843,0.03369632818126984,0.013320838069890976,0.01660757503068377,0.006022678356905054,0.006059562657651039,0.030694139255155895,0.004317549241783962,0.005118691173887983,0.019325276911228238,0.010243105310742448,0.004271512621646705,0.005635057533508996,0.005736033589281303,0.006606511267793433,6.556023084412694e-09,0.009353394631407908,0.008479588197466316,0.003379596507432315,0.00366976153171797,0.005258921771407854,0.018847404981374157
Brain_Hypothalamus,0.004697929344424387,0.0049568715023229504,0.013241960901095844,0.0043026401045200835,0.004627798169074114,7.776985999415654e-09,0.003723849341023018,0.02934625399040232,0.04827086115279093,0.05175221859430853,0.03250087545119965,0.03017398829127796,0.08957711888120601,1.3257596450737762e-07,0.03470101770737829,0.0,0.05481670361980857,0.03083710764466551,0.0484735606415968,0.10755576261973859,0.004513203592777705,0.015105547581879554,0.0074315558623579735,0.004355849065605054,0.005483627200651654,6.5795106734344176e-09,0.0081321183914561,0.0044497315287546895,0.007762345537726849,6.724641084481393e-09,0.004908056678812632,0.024165984228330696,0.03173956616450649,0.015046887209944107,0.01680834516057879,0.006658659507703706,0.0066566082126342544,0.03517963412155329,0.004931051649465254,0.005919178287100979,0.01909355398451916,0.0125863904347282,0.004873880370207858,0.006229447625303067,0.006361527247666665,0.007369479240394304,7.183659106010697e-09,0.010575619670682749,0.01019727059402986,0.0038314954952915594,0.0041869107752642125,0.005861478090631285,0.018331831260422968
Brain_Nucleus_accumbens_basal_ganglia,0.004279150640873996,0.004515804454374884,0.011560448715797275,0.003942632008181418,0.004231399359332497,7.08627635471362e-09,0.0034083867889847584,0.05782067471835161,0.18131913717789605,0.17467693448010752,0.024857572978372936,0.02321613311554434,0.05860062916805799,1.0211961641675916e-07,0.07450875131423434,0.07134682943267837,0.0,0.054016870606778865,0.03216214495430978,0.08484594762530198,0.004127898320036777,0.01420954811687115,0.0066609885038172055,0.003997681906039278,0.005049376612855113,5.8904090757403674e-09,0.007370294949753024,0.003988158697642144,0.007225758047985308,6.00631298661491e-09,0.004512564143277346,0.019788708492755696,0.030597373556507417,0.013483498822397617,0.016048575087400662,0.006176453030575549,0.006154566140805442,0.030092254252761134,0.004512400668558499,0.005355949153904696,0.01841699687474045,0.010879647078630587,0.004431629108433703,0.005747778359640389,0.0058650700031145095,0.0067471422262072155,6.6591543988609804e-09,0.009551497433102034,0.008946888174393874,0.003504888725070425,0.003831056640210042,0.005407441304091637,0.018168355296838936
Brain_Putamen_basal_ganglia,0.003976961076875554,0.004219935922401901,0.010603439318706203,0.003656802017735629,0.003922991682881188,6.52082533879108e-09,0.0031852362980975602,0.22480496401042754,0.05621953901196708,0.056895169627969894,0.018714707763683277,0.017826611478901622,0.030150484042931826,5.8719773942262436e-08,0.12208257507663042,0.03501213067190036,0.0471207898631371,0.0,0.02455683706059818,0.044743883077967304,0.0038654408244743524,0.014215832197185436,0.006133370962492209,0.0037474009239423416,0.004716847426854297,5.362126942370522e-09,0.006938459172613858,0.0036325975805485237,0.0069794725723357764,5.4624582756527535e-09,0.004222247724220431,0.01754973161688843,0.03326871905529532,0.012862818032477807,0.016479651165329248,0.005864642698260285,0.005906821981224612,0.02880767421714515,0.004171375331932644,0.004930655840493188,0.01927520977892908,0.009728152846502898,0.004127296019661083,0.005485345518622213,0.0055797359860473095,0.0064151809139501486,6.3955714426061e-09,0.00904601933847278,0.008092567889708014,0.0032708145335337583,0.003546408467693795,0.005110516352034732,0.01898172933633775
Brain_Spinal_cord_cervical_c-1,0.005819408343179313,0.00615619940524702,0.01868863918605243,0.00522171398478661,0.005653436059029609,9.547646172537642e-09,0.004559048533718178,0.014541699568542461,0.01926260911616971,0.018698085986928424,0.04340572868767794,0.04451677611872242,0.0317245348144948,6.511484038011853e-08,0.016024922100866947,0.03642579543706213,0.018568950762631438,0.016252929327200717,0.0,0.029602457866215803,0.005543772213851342,0.01721139728596429,0.009641185931236843,0.005297963346815344,0.006588584366506618,8.490839657463923e-09,0.010279903165376017,0.005723020054880595,0.009154481484116824,8.741986898320647e-09,0.005930718716813021,0.04205642793126497,0.02990210269507949,0.01944504474667889,0.018330426588301214,0.007898297581802402,0.00798520637330108,0.03990856364280494,0.005993813087043508,0.0074395947860712835,0.020179496017080214,0.01820213190898342,0.006078538276812576,0.007509301742406802,0.007680181717915035,0.009067171145948787,8.560147629592667e-09,0.013490680156660639,0.014072713079283056,0.004695265018675556,0.005096773821773379,0.00704857996553204,0.01873619337370784
Brain_Substantia_nigra,0.004550403431287909,0.0048262947636296735,0.012884771619259716,0.004151733865489778,0.004466726492847088,7.463138065757756e-09,0.0036197034481436205,0.03925593596321215,0.05425530572338724,0.08170494720837723,0.026354812328393335,0.024928909417318162,0.05317125384038554,9.048427251354456e-08,0.04955160524443637,0.11138663196923028,0.06751009674725825,0.040812026113708585,0.04079651239233205,0.0,0.004396580891878008,0.015540302896595607,0.007174607632473878,0.004242178113235724,0.005317530889291695,6.2833246631035195e-09,0.007995597130284202,0.004250336587631346,0.007737066035762425,6.420696980093273e-09,0.004768804747615704,0.023416942618777036,0.03665073514786132,0.015134057508918539,0.01762748278687164,0.006537884962973764,0.0066138071954433796,0.038952825937237374,0.004745773414503709,0.005694448982174383,0.02031608788939479,0.0119439484647719,0.004733304785332943,0.006160093078871999,0.006273234411246861,0.007286291498850279,7.133633676234182e-09,0.010486750198297952,0.009742638708676145,0.0037201507553598252,0.004034704403609561,0.005741803123172392,0.01905320842521514
Breast_Mammary_Tissue,0.04794702894442839,0.09585138610387203,0.019433432283464665,0.019277727407718766,0.023547025649035228,2.6437656535125195e-08,0.06905716406871412,0.004423352934945126,0.005315645321959312,0.004831801738769373,0.009574526544818173,0.009988580189753146,0.006709624074188986,1.4691771028746308e-08,0.004633959308092266,0.006787302889280217,0.004769573368440568,0.005119958377683841,0.011094648830090507,0.0063845160780259345,0.0,0.016213324011874468,0.031621632510975495,0.08122688346220866,0.03106385279392542,1.925923552162595e-08,0.027388175175771936,0.013231966494533532,0.020235785619449123,1.916725235335086e-08,0.041297337937392445,0.014665096015996271,0.011269616209330867,0.01716340745984968,0.013704982810519763,0.04007316221913897,0.01942416339373877,0.011277466513953713,0.01849005064670681,0.02784647024005866,0.013178222447330098,0.018819080993538136,0.07057166631354886,0.02404677091686348,0.030496513496488964,0.024245429426667846,2.2146161727838514e-08,0.02087376689009576,0.0208533370573439,0.05300521589217707,0.0175862101362014,0.054790827815390436,0.016550432966796307
Cells_EBV-transformed_lymphocytes,0.005582370509934718,0.006535038967122975,0.01621648762220058,0.0046425646855651065,0.00506738119729915,7.802627729279931e-09,0.004654850657161601,0.005860008252145665,0.006633503867900533,0.006224611414902443,0.009228272291554287,0.009424980913349972,0.007741179439153166,1.6468797160035538e-08,0.006121847230810373,0.008299483295558595,0.005998367726648092,0.006879263844069549,0.012584228317884607,0.008244696496403754,0.005923444703482089,0.0,0.008650128904672755,0.005596411461798918,0.006344036869302737,6.427847186752883e-09,0.013447832635628027,0.0043514826249151295,0.017003510785817383,6.57928852569131e-09,0.005953161997591855,0.01777499907679262,0.020569781676058354,0.03294589056904511,0.0677141274401326,0.009669322330503412,0.013819907088560762,0.018272364438079773,0.005109348563209097,0.00635080358266755,0.04416149475767517,0.011319332350988778,0.006137248947011556,0.011323576154056074,0.010746867944931009,0.013812349949851695,1.4383373286910835e-08,0.021037940755059815,0.010153772110305345,0.004693079519192327,0.00443902172846443,0.008339659394174104,0.03747859710468539
Cells_Transformed_fibroblasts,0.028496024764418884,0.03171605843538496,0.031186265470409397,0.01580503162969927,0.01902947392338414,2.7856170402459598e-08,0.01852739013647067,0.005259849410338014,0.00637723548955284,0.005820244877963099,0.012279156454374026,0.012954323772089028,0.008234266778739069,1.8024802495842808e-08,0.00553343286260891,0.008350345581279095,0.00575044725320089,0.006069864991790725,0.014416207965546251,0.007784369985743771,0.023626352790320496,0.01769019825177431,0.0,0.01943878066235777,0.019445315900245397,3.544614058768449e-08,0.03157658003256009,0.023415020489235636,0.01730708894433289,3.865918208174999e-08,0.019497739911067024,0.02015653809788673,0.013420796398342604,0.021494690800472678,0.015278734650053291,0.020542931655048568,0.016770663222701272,0.013930697995764704,0.01709744451310667,0.036583900588827434,0.014879982499699459,0.03569165434573311,0.035887879018422504,0.01833111295431265,0.020505311906311868,0.0226453338840347,1.8074712780564104e-08,0.02567567218990948,0.04935266921797817,0.01923436572735852,0.015451883077796137,0.021382812010521203,0.017203108578961155
Cervix_Ectocervix,0.04493564499800161,0.04528422614199228,0.017208507991880184,0.022051997203244397,0.02670980838634135,2.7798576965077868e-08,0.10049838397074429,0.004242551544006573,0.0051008696845469045,0.004626229769127755,0.009159980497815202,0.00954217207659361,0.006427727753037181,1.4093993302830167e-08,0.004440926440407164,0.006481467619247362,0.004570324167001357,0.0049111792868970225,0.010490721558080326,0.006095229236879586,0.08036889889817446,0.015156383600437797,0.025742151974557904,0.0,0.04092931476537911,1.8002614695844265e-08,0.02247943679056537,0.012437495348365211,0.018685979576587276,1.769777474245358e-08,0.06764430160968335,0.01356446800055319,0.010678832019712172,0.015588526096818899,0.012915222937077794,0.04397241616135353,0.017411344055223307,0.0106287022280419,0.020277532458905134,0.02659728573588501,0.012456885982952116,0.01699437473470096,0.042399078351009825,0.02114497453905899,0.026482675152378163,0.020655568610859654,2.0111441083331855e-08,0.018264796079629504,0.018466687531809457,0.07034704580977276,0.01957931368741243,0.05729513842856056,0.0159502819267071
Cervix_Endocervix,0.029345974521314953,0.020317978261488474,0.014207883015168735,0.04633640443427418,0.04714912096282484,3.954352910426389e-08,0.026725499667388363,0.004023391554647016,0.004862917274152039,0.004385303690089209,0.00887283336855177,0.009234477379560792,0.006149669668409529,1.354571052075445e-08,0.004207551270270525,0.00614205721367344,0.004345321729290824,0.004653212224103565,0.009820507346189895,0.005751174813702807,0.023136035920899245,0.012932933722705105,0.019383680196787413,0.030809161328070916,0.0,1.7835708567624447e-08,0.015564940429867247,0.012490236290842999,0.014084334039721508,1.702507646706337e-08,0.07572350862811275,0.012094455243412178,0.009759138916310169,0.012972723917204785,0.011338321106895002,0.027755364893539913,0.01258446269441265,0.009685413912561312,0.034713206968154914,0.02654777969218385,0.011080099892145553,0.015068741912248718,0.021414322995164936,0.014207270499516136,0.01667197671894188,0.014310585995420727,1.447457897721668e-08,0.01405615944611291,0.015918372666342467,0.030147077055233965,0.035484123145642234,0.02643181321221305,0.014449992550887789
Colon_Sigmoid,0.023136337355724814,0.018499014998082233,0.02277921567202166,0.019597540453481468,0.022991376060101633,4.480066830334939e-08,0.014594029268327278,0.005205968833688463,0.006387581183496805,0.005780536012902494,0.013067622785440155,0.013845264438124021,0.008371681114563323,1.8477932897606998e-08,0.005475424381222497,0.008348980532053062,0.005742798082773571,0.005992831128617366,0.014337927171332737,0.0076989228006971895,0.016250494895227584,0.014845362749158311,0.04002986317925622,0.015352351528859694,0.02020618311722483,0.9999984638376958,0.018680021676123173,0.3788693505211889,0.013261210013393383,2.512837158154239e-07,0.018035602249683105,0.018202695468250533,0.012495666263893443,0.01698731288235076,0.01332365869813184,0.01659552950127553,0.01223586183303755,0.012979106830550657,0.0236106654884025,0.05252649497919667,0.013223515962787346,0.033177253217409254,0.0209478043094068,0.013006853450075836,0.014420776454081055,0.015095892089602781,1.3418694978741779e-08,0.01773778366497451,0.03970861755014065,0.015832255767048796,0.020323377074404205,0.016272079295755647,0.015592274928483738
Colon_Transverse,0.01502749367145224,0.022450477712498654,0.03401703804406543,0.009831125212964201,0.011237536098155358,1.5991118621344538e-08,0.01255168425247426,0.005190323946776024,0.00617322172024419,0.0056854467552427046,0.010737138937614328,0.011209060657938308,0.007745574454493717,1.6791626059857385e-08,0.005452332641421967,0.0080067520822558,0.005575396965071502,0.006016872684000882,0.013469069387698809,0.007601585836176951,0.0179309574708475,0.02409852171294302,0.027668975398298563,0.014874335795808675,0.01368214586152831,1.44940652450369e-08,0.0,0.009763808534311988,0.029487126885405463,1.505581950789682e-08,0.013972991904525807,0.020280333009034278,0.01444055044993965,0.03046713688639528,0.01901130233661315,0.02223977488119071,0.033638704502026044,0.014661352958838261,0.010451499454980959,0.015422869786615861,0.017761945586366495,0.022915725399924057,0.01956384813303994,0.03518672917807477,0.0348083506217611,0.0723313839249358,3.2739611751257535e-08,0.05885176732243205,0.02423234599613307,0.012344274385263865,0.009350203377865369,0.02224327489722196,0.02021636223263189
Esophagus_Gastroesophageal_Junction,0.02353191642615698,0.01848589831008132,0.02220519397308706,0.020359572700403138,0.02391063238794963,4.75036713126937e-08,0.014777583566708039,0.005159275438948757,0.006329476206245644,0.005725213140756971,0.012917694456913187,0.013677266793310466,0.00828831747419048,1.829875711419566e-08,0.0054250370522165225,0.008260736055351454,0.005688471755061172,0.00593960169446782,0.014138589410654151,0.0076191912022995556,0.016334168234260305,0.014703055914851238,0.03868608454461506,0.015517342115609217,0.020701873756284614,5.542868275932077e-07,0.01840990310420586,0.0,0.013189536457783466,1.7326816989657772e-07,0.018376861875720317,0.017868498420367366,0.012362087754231914,0.01672632775380655,0.013197497871361529,0.016675283395017344,0.01215269893774265,0.012817553984486842,0.024687933869173253,0.055454329468697966,0.013097820114614456,0.031841461906889336,0.02098026201804664,0.01293731097486949,0.014365201781386153,0.014948188508112113,1.3346950868771066e-08,0.01746043784664334,0.03763800756172315,0.016078077831619783,0.0212161900743569,0.016341900450448373,0.015503220047133748
Esophagus_Mucosa,0.009067320431115985,0.011792480387703629,0.016375838939940605,0.006947177943978864,0.007674834334358334,1.0907696967917388e-08,0.00813016599827976,0.004287481053971044,0.005023051143312089,0.004610943150901533,0.007994366379751882,0.0082446418844859,0.006103341325091223,1.3215718652137343e-08,0.0044785200108348805,0.006306691674762418,0.004510558096713454,0.004994434584298691,0.009897790487972413,0.006069956007082238,0.010932422134177902,0.025143900388805422,0.012514340033495174,0.010202907867091906,0.010216426368633666,8.490864855062486e-09,0.02433259334353659,0.00577235754522279,0.0,8.625763905767378e-09,0.01012586496489197,0.013552027359122795,0.012063778224821603,0.02088098887573224,0.018456948642482554,0.021713615983911024,0.07999339324731057,0.011530334236859863,0.007362229482774479,0.009228659600037397,0.01662634386680817,0.012379711845643309,0.010439112824322578,0.043213765478164246,0.03332180422741161,0.03590537331220127,1.0613314919154196e-07,0.02597495622377132,0.012149602627522833,0.007992017890585934,0.006528717915790582,0.01802874870078994,0.022194675448124427
Esophagus_Muscularis,0.022455988461585,0.01865275774458411,0.024206159330873726,0.018186817396054447,0.021312157164337115,3.9891312231941e-08,0.01429607667931417,0.005304039172310899,0.006507785672740067,0.005896449041147778,0.013359640102720264,0.014173000608767536,0.008541621236606756,1.883857689360738e-08,0.005581357297269675,0.008533138509233333,0.005855795241077451,0.006104961286951535,0.014762017458242967,0.007867241310760388,0.016172875415572188,0.015195116557792779,0.04365838278374156,0.015092382922387364,0.0192878056413527,2.5128361914019153e-07,0.019404005832957795,0.11843321989820908,0.013471892984391526,0.9999988485626697,0.01742458600809171,0.018969291698814596,0.012795386162503924,0.01762545670288542,0.013625061279307406,0.016500973688828302,0.01247435025383811,0.013340754236227997,0.021609471518059756,0.047161754561781816,0.013518980150033347,0.03645972200390256,0.02101918992402888,0.013223876870643336,0.014616857880368622,0.015504019057699723,1.3635591252433463e-08,0.01844759173779218,0.04525417992269542,0.015414576323861905,0.01867898613131805,0.0162075872735908,0.01580771069154917
Fallopian_Tube,0.039967957181306454,0.02776966707006201,0.015467362705886958,0.0318424950409642,0.03797192233215534,3.3662938253212686e-08,0.048231729872863546,0.004116223868195606,0.004962998076610989,0.004487298956625502,0.008990330324024652,0.009361320698696279,0.006265933101201505,1.3772918571182588e-08,0.004306458331783148,0.006285740342683471,0.004440260941655083,0.004762617175631873,0.010107647134909822,0.005897351588541928,0.035168724677598406,0.013876501477551208,0.022223191964606936,0.058220717281655704,0.08658280681145832,1.8202777636432915e-08,0.01817538362286406,0.012677490142722481,0.015961377558299007,1.7586104536289067e-08,0.0,0.012725044573690175,0.010153835182516526,0.014061451450208946,0.012013894505103585,0.03498024247825925,0.014483465276791481,0.01008957304060884,0.02654976446172435,0.027885186704863806,0.011671559956748722,0.01594352882616838,0.02888873798490152,0.016829204553941733,0.020248594798486067,0.01671198408194203,1.6707656496187873e-08,0.015740945772628086,0.01709171804526301,0.05392775253924547,0.026625998575867935,0.03648342933771167,0.015111593175718755
Heart_Atrial_Appendage,0.007273649378264345,0.008005710441641741,0.035336316312997586,0.006133153532448204,0.006730142426122108,1.1065742590010224e-08,0.005691319597771416,0.009759189406655334,0.011806870120639778,0.011339431903188752,0.021888440546682156,0.02316723777282626,0.015815793036641868,3.332706905585155e-08,0.01048141079925864,0.017504538877623297,0.011012904555699152,0.01119622873455793,0.04053913220447253,0.016378608059860186,0.00706348118183138,0.02343371759471061,0.01299383740704273,0.006603108282769869,0.007821437207553657,1.0390633765895414e-08,0.014919991652772085,0.006971870441606365,0.012082083378603517,1.0828233599532657e-08,0.007197118141665657,0.0,0.0295309350879073,0.035001536132452826,0.023486061493496864,0.009791218539631762,0.010799023220282882,0.03989199083954584,0.0069514816316219,0.009140782105819688,0.024685361284873617,0.02655016650514384,0.00784155257328237,0.01001803947915707,0.010125633119529453,0.01270650569859704,1.1363991032382795e-08,0.02132907875403375,0.019884761852795623,0.0058317990088779924,0.005971152632614653,0.008875619395669125,0.02109765614244655
Heart_Left_Ventricle,0.004592522023525862,0.00502604678278811,0.014071122429463193,0.004057045459877696,0.00438775645130922,7.131446777055358e-09,0.003702425542960803,0.014937220632960106,0.015313945054511403,0.015679105520437123,0.015054598127735307,0.014991055339101078,0.01606696243779234,3.2515120775254636e-08,0.015839799543725386,0.019327738236219062,0.01431536530976698,0.017843137597973572,0.0242313524970583,0.021550797733721892,0.004563277397430865,0.02279791600040331,0.007273335723174293,0.004370219704440119,0.005305735712922035,5.9965245187690926e-09,0.008931226600699341,0.004054963357331831,0.009041797272328355,6.140358965207402e-09,0.0048279558624287075,0.024826246372275686,0.0,0.02010095752266667,0.029800423934537877,0.006952792059159718,0.0076613115180594275,0.07219112974975193,0.004578534998406487,0.005579488554505203,0.03882962120287965,0.0114474567634665,0.004867328500555738,0.006934391650940997,0.006941602287720065,0.008308652456464356,8.191007161260072e-09,0.012463156149085513,0.009549799364436885,0.003782922955927607,0.003921782312339147,0.006077931173127979,0.025780954682248804
Kidney_Cortex,0.007791837739053924,0.009278050923030513,0.0379722702367022,0.0061808894262694435,0.006834682856776142,1.0618395039685793e-08,0.006314618034576811,0.006932501070329558,0.008068781696551619,0.007619499198548398,0.012745357538207413,0.013219644763908231,0.00993519917423906,2.1137190552754567e-08,0.007318332171812017,0.010708784556211848,0.007372832285607369,0.008062778660821359,0.01841612866387119,0.01040038718371991,0.00812240654931004,0.0426756540071005,0.013614447308502748,0.0074558650213413374,0.008242875793779091,9.527486655127501e-09,0.02202279676119854,0.006412231324483016,0.018290936819401797,9.885399138511202e-09,0.007814061051552735,0.034390178798096194,0.02349255285996998,0.0,0.03373177171369029,0.011820811065539638,0.016659897105557687,0.024668488521287363,0.006829895713874995,0.009077623191659532,0.0307949097423499,0.019831370132353403,0.008777455993791003,0.014291492456441205,0.013757346877912835,0.019648665346447988,1.6807788366013094e-08,0.045012451409618896,0.01731790364466485,0.006380364426696639,0.005947364193112704,0.010677092555437336,0.02552980905579374
Liver,0.00482744447923727,0.005504590636306835,0.014083277519766253,0.004121982800207766,0.004477965480712627,7.015395528566518e-09,0.003987093316228021,0.00675632721286498,0.007483543040689816,0.007086824339583101,0.00959644408603019,0.009734397562644576,0.008487186158191357,1.791933964537111e-08,0.007044795272423283,0.009236343122110954,0.006775632094513601,0.007975872650789867,0.013404281825481845,0.009353324706793616,0.005007734442570492,0.06772356399676033,0.00747201588228461,0.004769539771516038,0.005562601097116584,5.769773265336257e-09,0.010610461655153208,0.003906445449302808,0.012483212859920274,5.900297083080304e-09,0.005154802696982541,0.017817185729987698,0.026891652704226728,0.026044782629982433,0.0,0.008057332632680327,0.010236053634177,0.02173934496851775,0.004573346783842159,0.005606830617050752,0.1153540693389149,0.010324076215704971,0.005225937036776145,0.008759734216713836,0.008505137321002613,0.010508003102569307,1.083051398843277e-08,0.01578348134423906,0.009066150424340395,0.0040388292691987526,0.003953098636302648,0.006947719592888785,0.04215567783522573
Lung,0.016401484192393397,0.020439461907711582,0.014229452703186145,0.01231595444618206,0.01365324657777616,1.7029358428416422e-08,0.01765744832416144,0.0038702521674500905,0.0046121468734900755,0.00418669197714088,0.007867287899738173,0.008146588015434546,0.0057168607162382205,1.2501358794174722e-08,0.004042586708484832,0.005789878207798878,0.004126292411824592,0.004491374559575131,0.00913928016611003,0.00548934475192819,0.023169887752901356,0.015302559488868111,0.015897189064678387,0.02569581619559398,0.02154684196089637,1.1371922247766894e-08,0.019640851801562616,0.007810357390944045,0.023238395844690445,1.1307133163800657e-08,0.0237497240982135,0.011753661464878527,0.00992800100838145,0.014442300622339142,0.012749666158991497,0.0,0.020493323607206924,0.009673904830163574,0.012215861354428339,0.014164827309176134,0.012134063386995166,0.012901705534277556,0.01768402363904678,0.026108778507160424,0.034087620438003015,0.02106222807787367,2.5391011536284947e-08,0.016862351674950263,0.013323204370330523,0.016679099613664372,0.011168840391960462,0.08068841506749237,0.016400572143372854
Minor_Salivary_Gland,0.010582062744511275,0.014419871553789465,0.01942615041554542,0.007757977507452763,0.008647795271169793,1.2199412604217711e-08,0.009467561508997871,0.004520042601972067,0.005314847007669062,0.004883938998098544,0.008641721929384342,0.008938002843170428,0.0065092426227011104,1.4097153818252417e-08,0.004728476838147696,0.0067289287371952245,0.004780007887140891,0.0052589847438762665,0.010741747884521266,0.006455725778197617,0.013056385061497365,0.025426317971548863,0.015087541153631446,0.011828364436105543,0.011357471992499148,9.74737431857501e-09,0.03453659402990344,0.006617298635578014,0.09952642944040963,9.937363607398548e-09,0.011431903439456763,0.015070623509594702,0.01271791755182227,0.023663105035298684,0.01883000280930102,0.023824440474079688,0.0,0.012342857133516702,0.008197108742064179,0.010636820703927692,0.01707909262345945,0.014319387034322114,0.012564982622204615,0.07355415956583138,0.04646641585816337,0.06440560503203636,1.6060390617565846e-07,0.03338865214754197,0.014255953099945847,0.009264120117222765,0.007297657010646173,0.020903624752211993,0.021616218823727218
Muscle_Skeletal,0.005225129889925013,0.005708612291175636,0.017563229906580716,0.004579992069371018,0.004968270281261584,8.128274359866212e-09,0.004175282319881366,0.014976565823078823,0.01659015912689118,0.01718085405302658,0.019067743904489558,0.019157104744138207,0.019354250807932512,3.884569831246427e-08,0.016265311264231624,0.02414966912582457,0.015871311906834145,0.017417393337739142,0.03645707667318354,0.025820190873931673,0.005147769679402384,0.02282969098888058,0.008510754070714043,0.004903425413071382,0.005935975724828973,7.02141788269303e-09,0.010222125930947432,0.0047395824729248425,0.009742112377709196,7.217064134182977e-09,0.005408113377291161,0.037805883372036525,0.08138111877401746,0.02379407855740128,0.027157589547179783,0.007637286038693397,0.008381903107392254,0.0,0.0051830922147920525,0.0064232486414858726,0.03230772557112145,0.014253097055447334,0.005550272414571688,0.007643454720082768,0.007676796722709866,0.009295133581947198,8.92333492936811e-09,0.014367962520335049,0.011597804663141515,0.004271736981214378,0.004438375739530828,0.0067433181934846275,0.023447515954620027
Nerve_Tibial,0.02426028530000704,0.016354494636463823,0.01478292048520979,0.08970921484072004,0.0638291492800717,1.3879969354750807e-07,0.017063297079563187,0.004281938736689083,0.00521878045320742,0.004692797164388155,0.009966312524896343,0.010415663413329206,0.006689205693086391,1.4792268801980006e-08,0.0044831131441757524,0.006632769402900163,0.0046633846585376225,0.004941851738519979,0.010728880811902142,0.006164004655612615,0.016537929749624054,0.012508530644380988,0.020467360906191355,0.018330314629015514,0.04168733663202186,2.502786034058802e-08,0.014278456433873238,0.017887726897503595,0.012188662996896112,2.290655651057779e-08,0.027884903915224486,0.01290881984519603,0.01011350833308505,0.012908503709944966,0.01119474951852882,0.018897172246056568,0.010907446995410332,0.010156040319707611,0.0,0.035816170815699155,0.01106654923035577,0.017209483566318354,0.017981163548671374,0.011867359334533758,0.013485543501558004,0.0126317993820749,1.23162489976943e-08,0.013449386785431764,0.018157490661284,0.01926012966073785,0.1429612744234905,0.017859943448614825,0.014068545285618054
Ovary,0.04488035022198542,0.02578088817613596,0.02029822334550619,0.030843861774346944,0.04152407336560127,5.954262789248849e-08,0.0231347121878673,0.0047734772679643815,0.005814233278650699,0.005261513426814851,0.011294794600905059,0.011876904133031083,0.007503330251132087,1.6529274053869244e-08,0.005010240497602387,0.007505402942820412,0.005217798155501403,0.005506458594868376,0.01255329547372427,0.006972120910535338,0.023478504992913974,0.014656379142895672,0.041283631955739065,0.022664668841065945,0.0300534864755884,5.248692878703587e-08,0.0198620968465614,0.037875913261312205,0.014402656104491669,4.7126247553288794e-08,0.027608275569460494,0.01600109713382241,0.011617881276815883,0.01617302387174544,0.012937635988487416,0.020655763647448023,0.013342324478724148,0.011864445867216737,0.03376263994705012,0.0,0.012721034574920683,0.024778216027352962,0.031782485758860175,0.014685214295204837,0.01675297507432743,0.01640727202794966,1.481668139069803e-08,0.017673953668925275,0.02885175616980115,0.026374866236105063,0.031862423921438926,0.02100244878611347,0.015475491750411057
Pancreas,0.004560261418429154,0.0051362610902186395,0.013332888411214805,0.003940776153248339,0.004272467468803762,6.7557384122603995e-09,0.0037462145351135298,0.0076440237195787,0.008328974982266696,0.00794858319338278,0.010095700666328703,0.010196273808332403,0.009257578795923269,1.943487274299075e-08,0.007962504939632738,0.010191162101459149,0.0075525565896051305,0.009061313277691385,0.014333198962915234,0.010470746149731628,0.00467715179567692,0.04290087192509306,0.007068294791923823,0.004468336716788944,0.005280009163896809,5.562167041498966e-09,0.009628858013366864,0.0037657459757033354,0.010922575774674733,5.686449425869334e-09,0.004864284569466427,0.018189896877465077,0.03403455221749334,0.02309523341571277,0.11204558678891087,0.007448358554354098,0.009017970233799884,0.025120220940031544,0.0043913070927171635,0.0053548434314274205,0.0,0.010048153624517733,0.004902243510359381,0.007855705070083147,0.0077011200529058755,0.009381967259824691,9.591162128134408e-09,0.014012251691964704,0.008725828620808609,0.0038037349957809833,0.003785937461127386,0.006432587729453028,0.04000972450142062
Pituitary,0.012506820370131452,0.013136304356154819,0.046772338151737224,0.009963806238462119,0.011199480373285548,1.901731792108952e-08,0.009123731607951368,0.006669926205033364,0.008214678362567574,0.007546487305608312,0.017820547400229644,0.019226732044699994,0.011041848212537383,2.4144584038484084e-08,0.007066266080191869,0.011247927167974712,0.007470064317508575,0.007656967039285917,0.021646586994400162,0.010306704590196903,0.011182976239113258,0.018411006257719357,0.02838659305436884,0.010206479164467284,0.012022709539813662,2.3365327398617754e-08,0.020799467510619448,0.015327783511605972,0.013616741841283114,2.567704033985249e-08,0.011125226967225762,0.03275611280642543,0.01679965097230576,0.024901786221929813,0.01678987247368158,0.013259764193239832,0.012659098851402767,0.018554987746968437,0.011433620854211186,0.0174633974802661,0.01682366555146768,0.0,0.01345168346556017,0.012619435416312736,0.013295632010924131,0.01599536122312452,1.3454678763428152e-08,0.02344454547373121,0.09389743766531236,0.00946861999404933,0.009850947378164625,0.012608238291623138,0.01774506699958459
Prostate,0.06609722094151606,0.12058165387593647,0.022108301181722387,0.020089847083255202,0.02526759263807931,2.9584615246693736e-08,0.045999231255996975,0.004660456009314263,0.005618309293484931,0.00511084548726076,0.01034382352523358,0.010826634361444688,0.007143338111558148,1.564659874554394e-08,0.004888286773445381,0.007225414965017059,0.005047653942647549,0.005389005710901746,0.011991760956074949,0.006775681934844536,0.06956743578713408,0.016559494955106682,0.04734902261830481,0.0422419358046823,0.028343034301141736,2.4472964747294638e-08,0.029457068403320196,0.016753822106887015,0.019047715347415124,2.4556372798461356e-08,0.033440258931329514,0.016048845665296248,0.011849459429383143,0.018283657366156898,0.014098632868443966,0.03014993604594097,0.018427095596498324,0.011986223236737075,0.019817568728509056,0.03715892985175749,0.013615884953489163,0.022314814059419485,0.0,0.021860975505011617,0.02640875108540685,0.023961677722296987,2.0536772127740722e-08,0.022260154432496463,0.02581391890489733,0.04460204079713777,0.018796779917762737,0.03562775613107421,0.016666133701136596
Skin_Not_Sun_Exposed_Suprapubic,0.012856004634260886,0.018632879012462054,0.019370878191074307,0.009002687814981834,0.010111834354581047,1.3850443372029725e-08,0.011880062943369385,0.00442176515093944,0.005226567641080913,0.004788641867017607,0.008696356619490836,0.00901076661896925,0.006444641148052597,1.3995446784827943e-08,0.004626534410525808,0.006625519368689808,0.004696871077216126,0.005138418515843072,0.010628349388186627,0.006326423709047678,0.01700649634095248,0.02191994258973077,0.017351399935955813,0.015113916640817302,0.013490719198691404,1.0901914797336032e-08,0.03800988877521256,0.0074118986052673615,0.056569699478101136,1.1083820921927858e-08,0.013976135767784354,0.014709805862333461,0.012111521569818073,0.021357698810151322,0.016954548066195167,0.031935544293562296,0.07738997283618804,0.011842413459949108,0.009383592393420358,0.012317940033686078,0.01565375827536271,0.015018930876532706,0.015683825356285767,0.0,0.1194587208864066,0.06589459975106628,9.8685735790688e-08,0.029860782652150593,0.015315472051895604,0.011470596265414421,0.008422502885297853,0.02912852624038085,0.019949915563396505
Skin_Sun_Exposed_Lower_leg,0.014778695107740684,0.022418310175806103,0.018962876437461824,0.010007759290456076,0.011302026990088808,1.5110448521004078e-08,0.01411060063117711,0.004353733082894699,0.005162032995753427,0.004720204871988182,0.008703700177404433,0.00902664263076134,0.006389025921751475,1.3899201117700812e-08,0.00455541681670969,0.006544715516596399,0.004635972161479268,0.005055895955372495,0.010514696837376075,0.006231914834623392,0.020862544126498704,0.020123184651294885,0.01877461582468253,0.01831009940620221,0.015313361727554384,1.1691713748725209e-08,0.036371410042404906,0.007960790144245252,0.042193860446791395,1.1850692265797557e-08,0.016265874009498266,0.014381539636130623,0.011727597724085393,0.019887058615558867,0.015923392906814503,0.04033141383590478,0.04729068712552671,0.011505077704799761,0.010314364833012788,0.01359279390751149,0.014843842560389448,0.015306189023447863,0.018326912905110068,0.11555183668573359,0.0,0.05073397853972775,5.955608499318817e-08,0.026958291328744607,0.01583029876657053,0.013456364306034679,0.009317934154880672,0.03885689555822746,0.01901810922403108
Small_Intestine_Terminal_Ileum,0.012903684814601859,0.018805234043754455,0.025289839966808805,0.008869480410353604,0.010019821519905082,1.4099284074767976e-08,0.011304318328844482,0.004854234483394705,0.005738981070673731,0.005280541545738427,0.009635254075152005,0.010009481593613267,0.0071111847911294115,1.5406511489228347e-08,0.005088711282551724,0.007353352371667975,0.0051725736185513176,0.0056378378702282555,0.012039716733222293,0.007020300973735002,0.016086670020701577,0.025084275916511876,0.020109561643980495,0.013851129821546446,0.012748528529558323,1.1870458884506026e-08,0.07330315442776249,0.008034377010677158,0.04409602034978763,1.2191388921003416e-08,0.013020561820341761,0.017503646211469645,0.013614419310774072,0.02754787591364378,0.019080672171151693,0.024169644841347097,0.0635739666774887,0.013510902096023169,0.009370406906447543,0.01291137112485344,0.01753902935434614,0.01785958381574237,0.01612790184651046,0.06181985944332443,0.04920600620239483,0.0,5.460937147018046e-08,0.048006775480060764,0.01823447428211245,0.01103809362861257,0.008375585396103285,0.023094316068239612,0.020889711737755563
Spleen,0.010563321259308481,0.01431155045588683,0.017722164324849937,0.007810037233326826,0.008685364759330289,1.2146043892931632e-08,0.009598471897608317,0.0043438358910327605,0.00511047861101126,0.00468703400854505,0.008303903836127368,0.008582409784242894,0.0062526423437492115,1.3557401563502077e-08,0.004541007326269266,0.006445704484097983,0.004590732607366801,0.005054278006122715,0.010221198155820559,0.006180677610546156,0.013213286062296336,0.02348934167779961,0.014433490732137892,0.012127389702096867,0.011595371838859534,9.488446296624255e-09,0.029836337538897202,0.006450922141296915,0.11721065640891012,9.64181876869675e-09,0.011705591005571156,0.014076976022741012,0.012069295824552694,0.02119052568944644,0.01768473850950911,0.026201252816790838,0.14255677005928166,0.011663583506693219,0.00821576084327283,0.010484869409999783,0.016123486995879812,0.013509109214123467,0.012429937091972137,0.08325468268150099,0.05194233090524343,0.049106985532761674,0.999998876709497,0.028158510954229582,0.013476973767650668,0.00936694977348113,0.007323518861384698,0.022316879005044393,0.02101952895174675
Stomach,0.010558063710762768,0.013700144781736255,0.041991978740487726,0.007717095977035598,0.008658368115416227,1.2922546653949372e-08,0.00867542041176294,0.005748801894473981,0.006778586515294728,0.006299913742464736,0.011360239449338765,0.01183379094419442,0.008438773295238206,1.816528493321305e-08,0.006048227247165535,0.008858855404305652,0.006147258695871346,0.006673972258836274,0.015038395868175862,0.008482294050375285,0.011626802975317091,0.032074539879822395,0.019141188883739214,0.010282200871325609,0.010512173701689026,1.1709309634023195e-08,0.0500701174018456,0.007878471752856333,0.026780457088458495,1.2177882583516322e-08,0.010295696800961275,0.0246659416641503,0.017144300747159086,0.052979876176386984,0.024060214232164614,0.016244536007863655,0.027667998551021856,0.017532631668170786,0.008375657801983447,0.011675968358137492,0.02199088880989512,0.021975679398053016,0.012578012821036383,0.023518119158727813,0.021950012382705514,0.04030192100209628,2.62879547736179e-08,0.0,0.021146727036691414,0.008666551489831541,0.007384411630117666,0.015165934683841075,0.02274214761057908
Testis,0.015652577254699016,0.016425365569154145,0.04337795907312232,0.011672326490334822,0.013347311133104415,2.2235441441482398e-08,0.011085183835496571,0.006097231776758499,0.007464907469472823,0.0068374133304581535,0.015464129214248633,0.016530146178573644,0.009876136588005843,2.161476811354881e-08,0.0064412445078585075,0.010034411669047163,0.006764227678229495,0.00701373605158286,0.01842814757301214,0.009257317942710492,0.013644927363998145,0.018185313839870588,0.04322091075733195,0.01221227114107313,0.013984943065219038,3.079306262790602e-08,0.024218695287682147,0.01995031046920658,0.014715038954080979,3.509352424307502e-08,0.013132482260929512,0.02701358213519138,0.015431998377336853,0.023944720587344894,0.016235130748288477,0.015077663258305828,0.013877501914532707,0.016625085740571376,0.013283375593004246,0.022390697968645196,0.016087098216616864,0.10339282830740226,0.017134600485077103,0.014169938602148281,0.015141458131941423,0.017982606420740965,1.4780042334830325e-08,0.024841587200065924,0.0,0.01153083917648085,0.011555573572535269,0.014656421119561534,0.017521871648354597
Thyroid,0.09106489433394556,0.04539551954284736,0.017934197079997938,0.028088483105937014,0.03675426159848782,3.4415408939812514e-08,0.1830479588937018,0.004356504035950276,0.005255159488332048,0.004762778254406127,0.009616347144271379,0.01003852155580162,0.006660502095146831,1.4622547735227673e-08,0.004563065263085511,0.006701516541994485,0.004709960299853067,0.005038668535488432,0.01092850519378091,0.006282983597585551,0.06164687655273874,0.014939914279741503,0.02994042368152511,0.08268945047144773,0.047076487338605935,2.1822661653289726e-08,0.021928940666509,0.015147953536667515,0.01720491747670311,2.124695419343038e-08,0.07364957218822547,0.014081896094354318,0.010865562698263557,0.015680385799859073,0.012855387410958288,0.03355017242744455,0.016029353979209276,0.010884022042802094,0.025044284802442345,0.03638165476500587,0.012464592670214755,0.018531909299188992,0.05262251204564178,0.018863417611379454,0.02287721370566105,0.019348632247243782,1.8259054743189116e-08,0.018095863310298808,0.020495462317456945,0.0,0.02493434444218712,0.03876697043795197,0.01574915188905565
Uterus,0.028406806681348803,0.018083726227251032,0.015181806639531292,0.18430856441046506,0.10654583609440665,1.0672230821535383e-07,0.019697701327640933,0.004285154270276816,0.005214806988011037,0.0046946693764541424,0.009897868919838836,0.010343288896424822,0.006673260565329008,1.4741040088082442e-08,0.004486756662890514,0.006631340458640544,0.004661915848699873,0.004947108904276319,0.010742339132230777,0.0061704942727307316,0.018521133943428338,0.012796179054409927,0.02178032371241513,0.020840328047166866,0.050175968232017795,2.5366680678919514e-08,0.01504097495839223,0.01810047950701286,0.012727024962590344,2.3314238433730397e-08,0.03292809882725584,0.013056284509704395,0.010200255590243675,0.013235447739080914,0.011393841401291809,0.02034384712528202,0.011433998601966701,0.010240279689150512,0.16833355035788328,0.03979915387006226,0.011234250903921451,0.01745879729875965,0.020081823558188865,0.012542335070956853,0.014344911553715247,0.013294567472836116,1.2927148818596564e-08,0.01396213162774447,0.018599066879307576,0.022578797022440724,0.0,0.019482448936075574,0.014276865365484387
Vagina,0.022148100469453168,0.03117430201908109,0.016323710521803356,0.014337225468437359,0.016350795167592653,1.9687944382719925e-08,0.02598253317815924,0.0041022141701860205,0.00490060724545875,0.004453650341642302,0.008508578183764038,0.008834210372650895,0.006112027540416446,1.3365301147712842e-08,0.004289985147542944,0.006194113670889315,0.004390379648760132,0.00475654821535395,0.009912188079367732,0.005858965408444839,0.03850060746756983,0.016040051442116662,0.020110003227348013,0.04069014758026207,0.02493750763621423,1.355112103760814e-08,0.023873608381450126,0.009302285160365529,0.023449251363358518,1.3497418330979108e-08,0.030103764759024564,0.012948650493186283,0.010547456767240473,0.015853732158278122,0.013361007468636475,0.0980619644961346,0.021852478076549352,0.01038068019204743,0.014031262746336811,0.017503680097588483,0.012735640954800696,0.014909227349643027,0.025396423870830645,0.028941440801669868,0.0399126664951668,0.024458428664634702,2.6283355450635827e-08,0.01913239846051494,0.015739538331022738,0.023422277036136484,0.012998940387790245,0.0,0.016673016922850715
Whole_Blood,0.0032422433405512154,0.0036168808734406703,0.007471262077843391,0.0028844049482734018,0.00309999048443174,4.844598268339489e-09,0.0027151810129527267,0.004318259109378409,0.004798269556632899,0.004417313736674499,0.006024482620779356,0.0060703598063177435,0.005336170256707451,1.1418508441149077e-08,0.004447949978301359,0.0056043742633295176,0.004267515731789833,0.005111073796043792,0.007622519022669627,0.005624578843881837,0.003364482962375088,0.020854031399448893,0.004680621324238242,0.003277095591034913,0.0039440550366607015,3.756565020316875e-09,0.006277281444481769,0.0025530437275145218,0.008351441619492897,3.808470294012284e-09,0.003607319960051198,0.008904495152677145,0.012943157190471876,0.010966684004186218,0.023453208010088423,0.0057663056282977665,0.006537445399159011,0.01044235016825707,0.0031975336578096165,0.003731239661320556,0.022916585194819344,0.006070544212428588,0.0034369104097083563,0.005734452395437601,0.005651441474012484,0.006400370989776495,7.16175702582786e-09,0.008300054878753986,0.005443695234939169,0.0027527937641331967,0.002755792561142203,0.004823512906631016,0.0
